{
  "hash": "08bd6f7a",
  "configHash": "52b9f1e7",
  "lockfileHash": "205110e5",
  "browserHash": "b589894a",
  "optimized": {
    "@angular/common": {
      "src": "../../../../../../node_modules/@angular/common/fesm2022/common.mjs",
      "file": "@angular_common.js",
      "fileHash": "f0351b0f",
      "needsInterop": false
    },
    "@angular/common/http": {
      "src": "../../../../../../node_modules/@angular/common/fesm2022/http.mjs",
      "file": "@angular_common_http.js",
      "fileHash": "725a889f",
      "needsInterop": false
    },
    "@angular/core": {
      "src": "../../../../../../node_modules/@angular/core/fesm2022/core.mjs",
      "file": "@angular_core.js",
      "fileHash": "a1702c17",
      "needsInterop": false
    },
    "@angular/forms": {
      "src": "../../../../../../node_modules/@angular/forms/fesm2022/forms.mjs",
      "file": "@angular_forms.js",
      "fileHash": "7e6f4fc3",
      "needsInterop": false
    },
    "@angular/platform-browser": {
      "src": "../../../../../../node_modules/@angular/platform-browser/fesm2022/platform-browser.mjs",
      "file": "@angular_platform-browser.js",
      "fileHash": "082b835b",
      "needsInterop": false
    }
  },
  "chunks": {
    "chunk-6SU47SEG": {
      "file": "chunk-6SU47SEG.js"
    },
    "chunk-WLSGYVUB": {
      "file": "chunk-WLSGYVUB.js"
    },
    "chunk-LTSAIPOX": {
      "file": "chunk-LTSAIPOX.js"
    }
  }
}